Price,Miles,Trim,Year,Vin,City,State
31700,92035,Performance,2013,5YJSA1CP3DFP05659,Portland,OR
31590,82118,Performance,2012,5YJSA1DP6CFP03031,Tucson,AZ
33800,91392,Performance,2013,5YJSA1CPXDFP09224,Midway City,CA
37000,46594,Performance,2013,5YJSA1DP4DFP21108,Fredericksburg,VA
32995,73218,Performance,2013,5YJSA1DP6DFP12734,Stafford,VA
36987,54302,Performance,2013,5YJSA1DP5DFP18282,East Petersburg,PA
41990,13236,Performance,2013,5YJSA1DP3DFP20760,Raleigh,NC
35500,48451,Performance,2013,5YJSA1DP8DFP05638,Fredericksburg,VA
29991,108349,Performance,2013,5YJSA1DG9DFP14705,Austin,TX
93998,14534,Performance,2019,5YJSA1E43KF307531,Orlando,FL
92990,23802,Performance,2019,5YJSA1E48KF331291,Minneapolis,MN
33990,65928,Performance,2013,5YJSA1CP9DFP21428,Duluth,GA
87999,8281,Performance,2020,5YJSA1E45LF366503,Anaheim,CA
85990,24118,Performance,2019,5YJSA1E4XKF300348,Charlotte,NC
88795,11586,Performance,2019,5YJSA1E40KF331902,Conshohocken,PA
34995,70737,Performance,2013,5YJSA1DPXDFP19606,Surprise,AZ
39645,35697,Performance,2013,5YJSA1DP0DFP09151,Augusta,GA
33982,76666,Performance,2013,5YJSA1DP7DFP08790,Pompano Beach,FL
94995,4941,Performance,2020,5YJSA1E41LF406852,Fort Wayne,IN
36999,60229,Performance,2013,5YJSA1DP5DFP13616,Roswell,GA
37500,39347,Performance,2013,5YJSA1DP8DFP27560,Davie,FL
92999,28811,Performance,2019,5YJSA1E40KF330197,Wichita,KS
86998,13765,Performance,2019,5YJSA1E48KF312188,South Jordan,UT
33880,108593,Performance,2013,5YJSA1CP3DFP19660,Kirkland,WA
30988,123908,Performance,2013,5YJSA1DG9DFP03848,Austin,TX
32999,92601,Performance,2013,5YJSA1DP7DFP05615,Stafford,VA
34999,80489,Performance,2013,5YJSA1CP7DFP27759,Roswell,GA
36993,61993,Performance,2013,5YJSA1DP4DFP08858,Dallas,TX
95900,26915,Performance,2019,5YJSA1E43KF330372,Lincoln,NE
34945,65253,Performance,2013,5YJSA1CNXDFP19640,Dallas,TX
36999,76259,Performance,2013,5YJSA1DP3DFP21567,Roswell,GA
94699,12604,Performance,2019,5YJSA1E44KF337301,Columbus,GA
33999,52948,Performance,2013,5YJSA1CP1DFP10584,Trooper,PA
32995,80510,Performance,2013,5YJSA1DPXDFP06726,Las Vegas,NV
99900,14783,Performance,2020,5YJSA1E47LF415653,Lincoln,NE
44990,63348,Performance,2013,5YJSA1DP8DFP17806,Somerville,NJ
35989,108364,Performance,2013,5YJSA1CP1DFP16224,Berkeley Lake,GA
35977,70550,Performance,2013,5YJSA1DP6DFP08859,Carrollton,TX
37973,38220,Performance,2013,5YJSA1DN6DFP09900,Dallas,TX
36499,65499,Performance,2013,5YJSA1CP4DFP13026,Norco,CA
36990,63313,Performance,2013,5YJSA1DP4DFP06513,Portland,OR
99900,12864,Performance,2019,5YJSA1E42KF337412,Lincoln,NE
102900,11528,Performance,2020,5YJSA1E43LF360070,Lincoln,NE
101900,13101,Performance,2020,5YJSA1E44LF364189,Lincoln,NE
36590,44317,Performance,2013,5YJSA1CG1DFP08513,Phoenix,AZ
37999,57379,Performance,2013,5YJSA1DP3DFP20967,Roswell,GA
27999,105027,Performance,2012,5YJSA1DP4CFP03139,Maple Shade,NJ
105989,10131,Performance,2020,5YJSA1E4XLF414965,Carrollton,TX
33998,69738,Performance,2013,5YJSA1CP8DFP27608,Harvey,LA
29990,88200,Performance,2013,5YJSA1DN7DFP04527,Fort Myers,FL
29729,121615,Performance,2013,5YJSA1DP7DFP14895,Frisco,TX
95888,17727,Performance,2020,5YJSA1E40LF358356,Portland,OR
30500,38109,Performance,2012,5YJSA1DN7CFP01626,Palatine,IL
37977,53822,Performance,2013,5YJSA2CP1DFP16892,Carrollton,TX
92976,7557,Performance,2020,5YJSA1E45LF390672,Buford,GA
115980,9901,Performance,2021,5YJSA1E40MF418217,N/A,N/A
39995,54512,Performance,2013,5YJSA1DP0DFP14124,N/A,N/A
70700,21792,100D,2018,5YJSA1E22JF275894,Chandler,AZ
62900,31091,100D,2017,5YJSA1E29HF216710,Costa Mesa,CA
79989,11086,100D,2019,5YJSA1E21KF306750,Manheim,PA
56950,56867,100D,2017,5YJSA1E22HF204303,Amarillo,TX
69977,26107,100D,2018,5YJSA1E28JF258792,Grapevine,TX
80559,22893,100D,2019,5YJSA1E24KF310369,Countryside,IL
68999,45660,100D,2017,5YJSA1E41HF217142,Maple Shade,NJ
59998,40353,100D,2017,5YJSA1E23HF200857,Roseville,CA
68490,46886,100D,2018,5YJSA1E25JF296898,Naperville,IL
84989,656,100D,2019,5YJSA1E20KF305721,Carrollton,TX
57500,57844,100D,2017,5YJSA1E28HF200899,Union City,GA
69990,15544,100D,2018,5YJSA1E25JF268387,Fresno,CA
64977,41723,100D,2018,5YJSA1E28JF246464,Carrollton,TX
61989,58539,100D,2017,5YJSA1E28HF200269,Carrollton,TX
66989,37703,100D,2017,5YJSA1E24HF185172,Carrollton,TX
63834,31627,100D,2017,5YJSA1E25HF217031,Middleburg Heights,OH
62590,61034,100D,2018,5YJSA1E26JF243546,Lincoln,NE
63995,32740,100D,2017,5YJSA1E25HF204392,Anchorage,AK
62989,44938,100D,2017,5YJSA1E26HF217023,Carrollton,TX
59989,80369,100D,2018,5YJSA1E25JF248155,Carrollton,TX
67990,58250,100D,2018,5YJSA1E23JF248025,Costa Mesa,CA
67500,20596,100D,2017,5YJSA1E22HF230013,Lincoln,NE
69989,33690,100D,2018,5YJSA1E21JF249688,Carrollton,TX
69999,28309,100D,2018,5YJSA1E20JF248404,Roswell,GA
67500,53156,100D,2018,5YJSA1E2XJF274542,Lincoln,NE
61500,66968,100D,2017,5YJSA1E29HF195342,Lincoln,NE
64995,32563,100D,2018,5YJSA1E29JF244061,Medford,OR
69990,27358,100D,2017,5YJSA1E20HF224498,Minneapolis,MN
65999,46909,100D,2017,5YJSA1E22HF219593,Roswell,GA
65989,39911,100D,2017,5YJSA1E26HF229690,Carrollton,TX
69900,6477,100D,2018,5YJSA1E26JF254756,Tequesta,FL
59998,29748,100D,2017,5YJSA1E20HF224260,Renton,WA
69991,13862,100D,2017,5YJSA1E2XHF205327,Scottsdale,AZ
68950,14694,100D,2018,5YJSA1E29JF280686,Littleton,CO
69992,22055,100D,2018,5YJSA1E2XJF277358,Bellevue,WA
69991,16645,100D,2018,5YJSA1E2XJF239872,South River,NJ
79985,8191,100D,2018,5YJSA1E23JF245965,Alexandria,VA
68888,33000,100D,2018,5YJSA1E27JF244253,N/A,N/A
50850,36904,75D,2017,5YJSA1E22HF193075,Shelby Township,MI
46590,24677,75D,2017,5YJSA1E29HF200359,Pleasantville,NY
56977,17697,75D,2018,5YJSA1E29JF291848,Carrollton,TX
52999,23618,75D,2018,5YJSA1E26JF247340,West Palm Beach,FL
39990,66305,75D,2016,5YJSA1E21GF160793,Topeka,KS
53999,26439,75D,2018,5YJSA1E26JF244647,Maple Shade,NJ
41989,87900,75D,2016,5YJSA1E25GF153362,Berkeley Lake,GA
53900,15285,75D,2017,5YJSA1E27HF193539,Lincoln,NE
51980,43526,75D,2017,5YJSA1E24HF200382,Denver,CO
46900,58201,75D,2016,5YJSA1E27GF168994,Scottsdale,AZ
55990,15540,75D,2016,5YJSA1E2XGF154684,Minneapolis,MN
63979,13912,75D,2018,5YJSA1E29JF296905,Marietta,GA
54873,25284,75D,2018,5YJSA1E22JF246864,Austin,TX
53900,21112,75D,2018,5YJSA1E22JF281842,Dallas,TX
51990,24160,75D,2016,5YJSA1E29GF154918,Greensboro,NC
50999,20138,75D,2017,5YJSA1E25HF232208,Maple Shade,NJ
49950,76190,75D,2017,5YJSA1E23HF215245,Addison,IL
42999,41101,75D,2017,5YJSA1E28HF214544,Maple Shade,NJ
59771,46162,75D,2018,5YJSA1E25JF243182,Charlotte,NC
51500,78059,75D,2018,5YJSA1E25JF247538,Lincoln,NE
67990,29250,75D,2019,5YJSA1E29KF299806,Portland,OR
53080,54170,75D,2016,5YJSA1E2XGF141031,Indianapolis,IN
58999,28295,75D,2018,5YJSA1E23JF257064,Dallas,TX
58995,20996,75D,2016,5YJSA1E2XGF138422,Greenwood Village,CO
63999,32355,75D,2018,5YJSA1E24JF246364,Memphis,TN
51994,43178,75D,2016,5YJSA1E2XGF148254,Dallas,TX
68980,9489,75D,2018,5YJSA1E22JF257749,Carrollton,TX
53499,70546,75D,2017,5YJSA1E25HF230569,Birmingham,AL
54859,28976,75D,2018,5YJSA1E25JF249161,Dallas,TX
54999,53820,75D,2017,5YJSA1E23HF225340,Birmingham,AL
56999,34887,75D,2017,5YJSA1E20HF213842,Dallas,TX
47900,42879,75D,2016,5YJSA1E21GF167839,N/A,N/A
49990,79668,75D,2017,5YJSA1E29HF185667,N/A,N/A
35499,74638,85,2014,5YJSA1H19EFP62213,Birmingham,AL
36250,64749,85,2014,5YJSA1H18EFP53681,Anaheim,CA
40980,51400,85,2015,5YJSA1H12FF094546,Daytona Beach,FL
36995,62327,85,2015,5YJSA1H1XFF082810,Saco,ME
29989,128906,85,2014,5YJSA1H14EFP32004,Carrollton,TX
35995,53140,85,2014,5YJSA1H10EFP44845,Santa Monica,CA
39993,60734,85,2015,5YJSA1H15FFP67765,Dallas,TX
36989,51513,85,2014,5YJSA1H1XEFP65511,Carrollton,TX
36990,56369,85,2014,5YJSA1H18EFP43569,Saint George,UT
37989,69043,85,2014,5YJSA1H1XEFP63547,Carrollton,TX
34999,77349,85,2014,5YJSA1H1XEFP38101,Birmingham,AL
39950,586,85,2015,5YJSA1H16FFP75681,Plano,TX
35599,51119,85,2014,5YJSA1H12EFP62263,Birmingham,AL
34750,70830,85,2014,5YJSA1H18EFP49792,South San Francisco,CA
44999,42452,85,2015,5YJSA1H15FFP61075,Dallas,TX
42950,35101,85,2014,5YJSA1H15EFP36823,Bellevue,WA
36999,66416,85,2014,5YJSA1H12EFP55975,Memphis,TN
41988,46649,85,2014,5YJSA1H16EFP61052,Seattle,WA
29999,68856,85,2014,5YJSA1H16EFP28357,Maple Shade,NJ
37000,74014,85,2014,5YJSA1H16EFP51279,Union City,GA
44995,52863,85,2014,5YJSA1H1XEFP53679,Everett,WA
37989,78221,85,2014,5YJSA1H13EFP49361,Carrollton,TX
43000,46361,85,2014,5YJSA1H18EFP56466,Union City,GA
34585,55767,85,2014,5YJSA1H15EFP53928,North Hollywood,CA
36987,91570,85,2014,5YJSA1H13EFP32804,Turlock,CA
38950,52792,85,2015,5YJSA4H12FFP76182,Scottsdale,AZ
39995,56613,85,2014,5YJSA1H14EFP60613,N/A,N/A
49800,52120,P85D,2015,5YJSA1E49FF110871,Dublin,CA
49989,70891,P85D,2015,5YJSA1E48FF109114,Carrollton,TX
53954,26907,P85D,2015,5YJSA1H46FF084435,Pineville,NC
49990,70598,P85D,2015,5YJSA1H23FFP76957,Minneapolis,MN
51950,21295,P85D,2014,5YJSA1H25EFP62587,South San Francisco,CA
46990,17014,P85D,2015,5YJSA1H28FFP76520,Austin,TX
47989,63344,P85D,2014,5YJSA1H2XEFP66800,Carrollton,TX
42977,88454,P85D,2014,5YJSA1H26EFP63702,Carrollton,TX
42334,96476,P85D,2014,5YJSA1H24EFP67229,Tampa,FL
46577,57616,P85D,2014,5YJSA1H20EFP68460,Carrollton,TX
46999,36350,P85D,2014,5YJSA1H27EFP64034,Birmingham,AL
40992,94832,P85D,2014,5YJSA1H28EFP62504,BRIDGEVIEW,IL
43993,86064,P85D,2015,5YJSA1H21FFP69022,Kirkland,WA
46988,48160,P85D,2014,5YJSA1H29EFP62270,Bellevue,WA
49900,79255,P85D,2015,5YJSA4H45FF080538,Lincoln,NE
51641,33192,P85D,2014,5YJSA1H26EFP64087,Saint Louis,MO
46900,81372,P85D,2014,5YJSA1H2XEFP62598,Lincoln,NE
44900,47308,P85D,2014,5YJSA1H26EFP66793,Somerville,NJ
59888,40879,P85D,2015,5YJSA1H45FF081185,Scottsdale,AZ
44977,70994,P85D,2014,5YJSA1H20EFP62500,Carrollton,TX
45990,64062,P85D,2014,5YJSA1H2XEFP64545,Somerville,NJ
43995,89931,P85D,2014,5YJSA1H29EFP66075,Willowbrook,IL
44900,127105,P85D,2015,5YJSA1H46FF080787,Lincoln,NE
49999,57776,P85D,2014,5YJSA1H23EFP55086,Dallas,TX
44975,74935,P85D,2014,5YJSA1H21EFP63994,Buffalo Grove,IL
45887,54536,P85D,2014,5YJSA1H20EFP64327,N/A,N/A
31593,46809,Base,2013,5YJSA1BC8DFP10547,Clarendon Hills,IL
31996,45567,Base,2013,5YJSA1BG8DFP11295,Dallas,TX
31950,80000,Base,2013,5YJSA1BGXDFP07572,Santa Cruz,CA
34688,40603,Base,2014,5YJSA1S19EFP26661,Tallahassee,FL
32687,54179,Base,2013,5YJSA1CG7DFP09391,Oxnard,CA
35999,56749,Base,2014,5YJSA1S12EFP48677,Denver,CO
35211,38000,Base,2013,5YJSA1AG5DFP08405,North Canton,OH
34495,51034,Base,2014,5YJSA1S11EFP35273,Skokie,IL
31996,93386,Base,2013,5YJSA1CN4DFP27149,Westmont,IL
31500,76099,Base,2013,5YJSA1AG5DFP12177,San Rafael,CA
36995,34103,Base,2013,5YJSA1CN8DFP28353,Raleigh,NC
30998,82900,Base,2013,5YJSA1CN2DFP08633,Kennewick,WA
39888,46790,Base,2014,5YJSA1S14EFP63214,El Cajon,CA
35785,46825,Base,2013,5YJSA1CG4DFP03743,San Juan Capistrano,CA
31465,62860,Base,2013,5YJSA1CNXDFP16396,Davie,FL
29995,129202,Base,2013,5YJSA1AGXDFP04799,Peachtree Corners,GA
33500,116783,Base,2013,5YJSA1AC0DFP10947,Cary,NC
33500,74860,Base,2013,5YJSA1CN3DFP24839,Debary,FL
79999,46559,P100D,2018,5YJSA1E47JF248112,Roswell,GA
82990,47023,P100D,2018,5YJSA1E47JF259062,Greensboro,NC
68995,27782,P100D,2016,5YJSA1E43GF171991,Sykesville,MD
89995,16787,P100D,2018,5YJSA1E43JF263688,Houston,TX
94989,13661,P100D,2018,5YJSA1E45JF244821,Carrollton,TX
80999,31269,P100D,2017,5YJSA1E40HF219397,Roswell,GA
79980,21597,P100D,2016,5YJSA1E48GF172537,Fort Pierce,FL
75016,30964,P100D,2016,5YJSA1E42GF164806,Centerville,UT
82995,46386,P100D,2018,5YJSA1E44JF283769,Rancho Santa Fe,CA
69999,43159,P100D,2016,5YJSA1E43GF163566,Roswell,GA
89989,41824,P100D,2018,5YJSA1E47JF247025,Carrollton,TX
62999,50728,P100D,2017,5YJSA1E46HF228797,Maple Shade,NJ
68999,53269,P100D,2016,5YJSA1E47GF171850,Birmingham,AL
79989,44446,P100D,2017,5YJSA1E48HF214240,Carrollton,TX
89989,42376,P100D,2018,5YJSA1E42JF247031,Carrollton,TX
96989,26467,P100D,2018,5YJSA1E47JF273589,Carrollton,TX
84999,25939,P100D,2017,5YJSA1E46HF200787,Roswell,GA
95950,20391,P100D,2018,5YJSA1E47JF258543,N/A,N/A
42998,43591,70D,2015,5YJSA1E24FF118911,Beaufort,SC
46993,32343,70D,2016,5YJSA1E21GF128216,Phillipsburg,NJ
39394,41899,70D,2015,5YJSA1E18FF101990,Clearwater,FL
39588,51133,70D,2015,5YJSA1S23FF096629,Oxnard,CA
37363,85049,70D,2015,5YJSA1E2XFF107962,Longmont,CO
39670,82932,70D,2016,5YJSA1E24GF123852,Harrison,OH
41901,78026,70D,2015,5YJSA1S20FF098337,Dallas,TX
39995,48492,70D,2015,5YJSA1S24FF088555,Willowbrook,IL
43400,52618,70D,2015,5YJSA1S28FF088199,Colton,CA
34991,79247,70D,2015,5YJSA1S20FF093395,Houston,TX
41990,37952,70D,2015,5YJSA1E21FF114184,Denver,CO
39977,64760,70D,2015,5YJSA1S21FF089971,Carrollton,TX
51998,52521,70D,2016,5YJSA1E22GF132629,Dallas,TX
43900,32128,70D,2015,5YJSA1S2XFF086180,Las Vegas,NV
44999,57518,70D,2015,5YJSA1S23FF099773,Lakewood,WA
49835,51280,70D,2016,5YJSA1E20GF131804,Dallas,TX
51994,52650,70D,2016,5YJSA1E27GF122162,Dallas,TX
34999,69238,70D,2015,5YJSA1S24FF095067,Trooper,PA
59950,25427,90D,2016,5YJSA1E49GF155262,Miami,FL
53689,45767,90D,2017,5YJSA1E22HF194713,Nanuet,NY
50982,45044,90D,2017,5YJSA1E28HF191556,Scottsboro,AL
46995,93382,90D,2017,5YJSA1E28HF179200,Harrisonville,MO
55995,28310,90D,2016,5YJSA1E29GF124432,Salem,NH
59990,43968,90D,2017,5YJSA1E2XHF194569,Minneapolis,MN
57950,25209,90D,2017,5YJSA1E27HF189474,Saint Louis,MO
62990,29578,90D,2017,5YJSA1E25HF201007,Costa Mesa,CA
59981,36299,90D,2017,5YJSA1E27HF192407,Houston,TX
51999,50947,90D,2016,5YJSA1E23GF167339,Orlando,FL
54900,47725,90D,2016,5YJSA1E20GF129809,Brockton,MA
51900,58734,90D,2016,5YJSA1E27GF127572,Lincoln,NE
54990,49490,90D,2016,5YJSA1E20GF125145,Costa Mesa,CA
62500,20490,90D,2017,5YJSA1E21HF182178,Fairless Hills,PA
49950,46231,90D,2016,5YJSA1E25GF153202,Daytona Beach,FL
69990,31183,90D,2016,5YJSA1E21GF143783,Arlington Heights,IL
47295,66301,90D,2016,5YJSA1E24GF146435,Minneapolis,MN
54975,44713,90D,2016,5YJSA1E2XGF127050,N/A,N/A
54999,39458,P90D,2016,5YJSA1E4XGF136803,Denver,CO
58990,38282,P90D,2016,5YJSA1E47GF131803,FORT WORTH,TX
63372,36213,P90D,2016,5YJSA1E48GF128408,Grapevine,TX
54990,60573,P90D,2016,5YJSA1E45GF122386,Minneapolis,MN
62995,29648,P90D,2016,5YJSA1E40GF155571,Orem,UT
54950,51765,P90D,2015,5YJSA1V49FF100504,Lakewood,CO
62995,13580,P90D,2016,5YJSA1E47GF120297,Buda,TX
59995,38002,P90D,2016,5YJSA1E4XGF125347,Van Nuys,CA
61995,52247,P90D,2015,5YJSA1V42FF100621,Charlotte,NC
59887,61053,P90D,2016,5YJSA1E41GF128766,Wichita,KS
56900,76132,P90D,2016,5YJSA1E48GF128215,Northbrook,IL
63995,19983,P90D,2015,5YJSA1V48FF099779,Salem,NH
52995,59238,P90D,2015,5YJSA1E46FF104803,Brea,CA
64999,49402,P90D,2015,5YJSA1E49FF106481,COUNTRYSIDE,IL
54998,37837,P90D,2015,5YJSA1E49FF105217,Grand Rapids,MI
59999,39309,P90D,2016,5YJSA1E47GF128433,Roswell,GA
40590,47354,85D,2015,5YJSA1E23FF111416,Las Vegas,NV
44900,40121,85D,2015,5YJSA1H29FF084914,Beverly Hills,CA
42950,34268,85D,2015,5YJSA1H21FF086351,Marina Del Rey,CA
47995,37900,85D,2015,5YJSA1H22FFP77565,Phoenix,AZ
36989,109355,85D,2015,5YJSA1H22FFP72964,Carrollton,TX
45998,34170,85D,2015,5YJSA1H21FF083305,Tempe,AZ
47999,47461,85D,2015,5YJSA1E25FF114396,San Jose,CA
48995,28230,85D,2015,5YJSA1H21FF095504,Walled Lake,MI
42999,84900,85D,2015,5YJSA1H29FF092477,Dallas,TX
38995,96180,85D,2015,5YJSA1E29FF117172,Salt Lake City,UT
44995,44560,85D,2015,5YJSA1H24FFP70486,Willowbrook,IL
41542,67819,85D,2015,5YJSA1H26FFP73762,Trooper,PA
49999,36445,85D,2015,5YJSA1H40FF089470,Maple Shade,NJ
49990,31361,85D,2015,5YJSA1H2XFFP77832,Buford,GA
38990,51059,P85,2014,5YJSA1H19EFP39286,Wynnewood,PA
33999,57916,P85,2014,5YJSA1H15EFP49989,Maple Shade,NJ
32995,122701,P85,2014,5YJSA1H17EFP38475,Walpole,MA
39995,47410,P85,2014,5YJSA1H17EFP31753,Hayward,CA
49999,27076,P85,2014,5YJSA1H13EFP47092,Houston,TX
42999,55195,P85,2014,5YJSA1H10EFP58650,Irvine,CA
44500,27800,P85,2014,5YJSA1H11EFP50881,Mission,KS
39999,53629,P85,2014,5YJSA1H18EFP55852,Roswell,GA
33991,71352,P85,2014,5YJSA1H12EFP56303,Dallas,TX
42950,39737,P85,2014,5YJSA1H1XEFP65878,Anaheim,CA
39990,39647,P85,2014,5YJSA1H13EFP39672,Marietta,GA
36987,102714,P85,2014,5YJSA1H11EFP48077,Turlock,CA
39999,69359,P85,2014,5YJSA1H16EFP55719,Roswell,GA
43695,27000,P85,2014,5YJSA1H17EFP50867,N/A,N/A
36549,64533,P85,2014,5YJSA1H16EFP38760,N/A,N/A
34999,70740,60,2015,5YJSA1S19FFP71472,Dallas,TX
45990,31676,60,2017,5YJSA1E11HF203070,New Orleans,LA
34425,46408,60,2014,5YJSA1S12EFP50011,Salt Lake City,UT
30999,79216,60,2014,5YJSA1S12EFP52440,Maple Shade,NJ
39990,22246,60,2015,5YJSA1S10FFP68749,Bowling Green,KY
32750,82820,60,2014,5YJSA1S17EFP61540,Pomona,CA
34890,73676,60,2015,5YJSA1S11FFP69778,Somerville,NJ
33988,65640,60,2014,5YJSA1S11EFP34009,Bloomington,CA
37999,64673,60,2015,5YJSA1S10FFP50428,Dallas,TX
33983,69109,60,2014,5YJSA1S17EFP65040,Houston,TX
37999,65460,60,2015,5YJSA1S17FFP74354,Birmingham,AL
41995,57012,60,2014,5YJSA1S13EFP56383,Everett,WA
74990,33269,Long-Range,2019,5YJSA1E28KF332178,Costa Mesa,CA
81988,5170,Long-Range,2020,5YJSA1E2XLF416701,Westmont,IL
79940,19714,Long-Range,2019,5YJSA1E28KF335808,San Jose,CA
85995,8030,Long-Range,2020,5YJSA1E24LF416189,Peoria,IL
79888,8070,Long-Range,2019,5YJSA1E25KF344739,Scottsdale,AZ
94108,4332,Long-Range,2021,5YJSA1E20MF426333,Ft Mitchell,KY
81900,8105,Long-Range,2019,5YJSA1E21KF347766,Lincoln,NE
89900,5768,Long-Range,2020,5YJSA1E22LF412500,Lincoln,NE
97995,4728,Long-Range,2021,5YJSA1E26MF426790,Chantilly,VA
86990,3721,Long-Range,2020,5YJSA1E23LF399921,Houston,TX
42990,20541,75,2016,5YJSA1E19GF154473,St George,UT
41977,54995,75,2016,5YJSA1E10GF144169,Carrollton,TX
42981,34256,75,2016,5YJSA1E1XGF147287,Dallas,TX
53995,26961,75,2017,5YJSA1E17HF209679,Tampa,FL
56992,39075,75,2017,5YJSA1E13HF190600,Dallas,TX
47989,49904,75,2017,5YJSA1E18HF195422,Crosby,TX
54900,41792,75,2017,5YJSA1E15HF190064,Dallas,TX
41900,33641,75,2016,5YJSA1E10GF151607,N/A,N/A
32990,78713,Signature-Performance,2012,5YJSA1DP7CFS00706,Louisville,KY
27885,94457,Signature-Performance,2012,5YJSA1DP2CFS00533,Auburn,WA
40888,51109,70,2016,5YJSA1E13GF157031,Corpus Christi,TX
29877,140304,Signature,2013,5YJSA1BG0DFP11338,Stafford,VA
33999,73246,Unspecified,2014,5YJSA1S19EFP42567,Fresno,CA
31995,56625,Unspecified,2012,5YJSA1CN8CFP02866,San Jose,CA
32990,68453,Unspecified,2013,5YJSA1CN6DFP04231,Tucson,AZ
35977,54681,Unspecified,2014,5YJSA1H19EFP38560,Stafford,VA
37495,56754,Unspecified,2014,5YJSA1H11EFP59600,Buford,GA
55000,51819,Unspecified,2016,5YJSA1E27GF153931,Kosciusko,MS
39495,40596,Unspecified,2014,5YJSA1H18EFP48710,El Paso,TX
34977,76615,Unspecified,2014,5YJSA1H15EFP58742,Carrollton,TX
32998,43802,Unspecified,2013,5YJSA1AG8DFP09368,Medford,OR
36977,113560,Unspecified,2015,5YJSA1V22FF099453,Carrollton,TX
33450,40007,Unspecified,2013,5YJSA1CG7DFP20844,Phoenix,AZ
36977,62868,Unspecified,2014,5YJSA1H12EFP51277,Carrollton,TX
32800,62315,Unspecified,2013,5YJSA1CG0DFP14092,Anaheim,CA
34995,21000,Unspecified,2013,5YJSA1AGXDFP07492,Rogersville,MO
30901,70127,Unspecified,2013,5YJSA1BG6DFP04894,Salt Lake City,UT
29940,81833,Unspecified,2013,5YJSA1CN1DFP09109,San Jose,CA
29988,65038,Unspecified,2013,5YJSA1AG9DFP07550,Van Nuys,CA
30777,71591,Unspecified,2013,5YJSA1DN0DFP20908,Sacramento,CA
29995,65176,Unspecified,2013,5YJSA1CNXDFP12798,Willowbrook,IL
39977,50675,Unspecified,2014,5YJSA1H10EFP55621,Carrollton,TX
37995,79888,Unspecified,2014,5YJSA1H14EFP30527,Raleigh,NC
50891,50369,Unspecified,2016,5YJSA1E27GF135350,Santa Fe,NM
30989,112010,Unspecified,2013,5YJSA1CN1DFP21406,Carrollton,TX
34977,49550,Unspecified,2013,5YJSA1AG3DFP12940,Phoenix,AZ
33980,110998,Unspecified,2014,5YJSA1H12EFP34222,Fort Pierce,FL
43000,42856,Unspecified,2014,5YJSA1H19EFP49896,Westmont,IL
37985,63894,Unspecified,2014,5YJSA1H17EFP53297,Comstock Park,MI
32990,61050,Unspecified,2013,5YJSA1AC9DFP10610,Portland,OR
36900,64888,Unspecified,2014,5YJSA1H10EFP49382,Fairfax,VA
36999,90709,Unspecified,2015,5YJSA1V23FF099364,Memphis,TN
34900,45901,Unspecified,2014,5YJSA1S15EFP60404,Palatine,IL
25995,191853,Unspecified,2013,5YJSA1CN5DFP07363,Portland,OR
36885,65174,Unspecified,2014,5YJSA1H19EFP43936,COUNTRYSIDE,IL
37495,65250,Unspecified,2014,5YJSA1H15EFP56120,Lindon,UT
32990,68453,Unspecified,2013,5YJSA1CN6DFP04231,Tucson,AZ
30990,58708,Unspecified,2012,5YJSA1CN0CFP02473,Newark,NJ
30949,86699,Unspecified,2014,5YJSA1H13EFP53121,Dallas,TX
31980,84840,Unspecified,2013,5YJSA1DN0DFP06913,Burbank,IL
92000,6710,Unspecified,2019,5YJSA1E45KF336934,Windsor Mill,MD
39999,44654,Unspecified,2014,5YJSA1H10EFP62214,Honolulu,HI
34999,92600,Unspecified,2014,5YJSA1H12EFP48587,San Jose,CA
48998,53359,Unspecified,2016,5YJSA1E28GF129220,Wichita,KS
44990,44333,Unspecified,2014,5YJSA1H13EFP42829,Gladstone,OR
33820,56331,Unspecified,2013,5YJSA1AG5DFP08453,Lutherville Timonium,MD
38998,62957,Unspecified,2014,5YJSA1H12EFP29425,Webster,TX
39900,26512,Unspecified,2015,5YJSA1E26FF109109,North Plainfield,NJ
36963,69912,Unspecified,2014,5YJSA1H10EFP55019,Tempe,AZ
48971,36415,Unspecified,2014,5YJSA1H1XEFP32346,Palo Alto,CA
37900,46037,Unspecified,2013,5YJSA1CG8DFP03549,Gilbert,AZ
30995,94005,Unspecified,2013,5YJSA1DN1DFP06306,Levittown,PA
39998,70468,Unspecified,2014,5YJSA1H14EFP35775,Tempe,AZ
39995,48723,Unspecified,2014,5YJSA1S18EFP38297,Millerton,NY
32000,67045,Unspecified,2013,5YJSA1CN1DFP18117,Dallas,TX
32980,104541,Unspecified,2012,5YJSA1CN3CFP02905,San Jose,CA
37977,85904,Unspecified,2014,5YJSA1H13EFP40918,Carrollton,TX
47580,24900,Unspecified,2014,5YJSA1H16EFP38581,Daytona Beach,FL
40000,28711,Unspecified,2014,5YJSA1H17EFP52263,Mesa,AZ
35778,61410,Unspecified,2013,5YJSA1AG4DFP07777,Sacramento,CA
38999,41737,Unspecified,2012,5YJSA1DN8CFS00924,Livermore,CA
35999,63583,Unspecified,2013,5YJSA1CN5DFP12773,Tacoma,WA
34800,67881,Unspecified,2013,5YJSA1CGXDFP14830,Somerville,NJ
33500,63636,Unspecified,2014,5YJSA1H1XEFP40964,Swampscott,MA
45990,58430,Unspecified,2015,5YJSA1E21FF109275,Costa Mesa,CA
39995,50134,Unspecified,2014,5YJSA1H15EFP40077,Fontana,CA
42997,42741,Unspecified,2014,5YJSA1H18EFP52160,Roswell,GA
37577,69412,Unspecified,2014,5YJSA1H14EFP60336,Carrollton,TX
35999,74974,Unspecified,2014,5YJSA1H14EFP61437,Birmingham,AL
99995,15242,Unspecified,2018,5YJSA1E40JF270338,Long Beach,CA
37990,59213,Unspecified,2013,5YJSA1DN1DFP15667,Arlington,VA
33990,104325,Unspecified,2013,5YJSA1DGXDFP08752,Gladstone,OR
34900,112093,Unspecified,2014,5YJSA1H11EFP35880,Fairfax,VA
42977,79295,Unspecified,2015,5YJSA1E27FF108745,Carrollton,TX
37989,132580,Unspecified,2015,5YJSA1E26FF115041,Dallas,TX
31993,59056,Unspecified,2013,5YJSA1DG5DFP28309,Houston,TX
44182,73355,Unspecified,2014,5YJSA1H18EFP60596,Carrollton,TX
35997,78525,Unspecified,2013,5YJSA1CN8DFP17207,Duluth,GA
29900,68527,Unspecified,2013,5YJSA1AG3DFP04675,N/A,N/A
49900,57423,Unspecified,2017,5YJSA1E20HF192295,N/A,N/A
45151,37663,Unspecified,2014,5YJSA1H13EFP35881,N/A,N/A
42882,65365,Unspecified,2014,5YJSA1H10EFP37426,N/A,N/A
45990,94525,Unspecified,2016,5YJSA1E24GF123897,N/A,N/A
